--
-- PostgreSQL database dump
--

\restrict P6jKgMz8WjzY6VAcsWteQHRzTpiUCdgv16PiINtSaiQ9pt6vLYWJCHIusd7YdqU

-- Dumped from database version 14.22 (Ubuntu 14.22-0ubuntu0.22.04.1)
-- Dumped by pg_dump version 14.22 (Ubuntu 14.22-0ubuntu0.22.04.1)

SET statement_timeout = 0;
SET lock_timeout = 0;
SET idle_in_transaction_session_timeout = 0;
SET client_encoding = 'UTF8';
SET standard_conforming_strings = on;
SELECT pg_catalog.set_config('search_path', '', false);
SET check_function_bodies = false;
SET xmloption = content;
SET client_min_messages = warning;
SET row_security = off;

--
-- Data for Name: areas; Type: TABLE DATA; Schema: public; Owner: postgres
--

INSERT INTO public.areas (id, name, created_at) VALUES (34, 'Waitemata', '2026-04-19 10:10:33.574152+12') ON CONFLICT DO NOTHING;
INSERT INTO public.areas (id, name, created_at) VALUES (35, 'Auckland', '2026-04-19 10:10:33.575547+12') ON CONFLICT DO NOTHING;
INSERT INTO public.areas (id, name, created_at) VALUES (36, 'Counties Manukau', '2026-04-19 10:10:33.576818+12') ON CONFLICT DO NOTHING;


--
-- Data for Name: stations; Type: TABLE DATA; Schema: public; Owner: postgres
--

INSERT INTO public.stations (id, name, area_id, is_specialist, specialist_type, created_at, district) VALUES (334, 'Ellerslie', 35, false, NULL, '2026-04-19 10:10:33.606301+12', 'Auckland') ON CONFLICT DO NOTHING;
INSERT INTO public.stations (id, name, area_id, is_specialist, specialist_type, created_at, district) VALUES (335, 'Grey Lynn', 35, false, NULL, '2026-04-19 10:10:33.607873+12', 'Auckland') ON CONFLICT DO NOTHING;
INSERT INTO public.stations (id, name, area_id, is_specialist, specialist_type, created_at, district) VALUES (336, 'Mount Roskill', 35, false, NULL, '2026-04-19 10:10:33.609365+12', 'Auckland') ON CONFLICT DO NOTHING;
INSERT INTO public.stations (id, name, area_id, is_specialist, specialist_type, created_at, district) VALUES (337, 'Mount Wellington', 35, false, NULL, '2026-04-19 10:10:33.610769+12', 'Auckland') ON CONFLICT DO NOTHING;
INSERT INTO public.stations (id, name, area_id, is_specialist, specialist_type, created_at, district) VALUES (338, 'Onehunga', 35, false, NULL, '2026-04-19 10:10:33.612509+12', 'Auckland') ON CONFLICT DO NOTHING;
INSERT INTO public.stations (id, name, area_id, is_specialist, specialist_type, created_at, district) VALUES (339, 'Parnell', 35, false, NULL, '2026-04-19 10:10:33.614008+12', 'Auckland') ON CONFLICT DO NOTHING;
INSERT INTO public.stations (id, name, area_id, is_specialist, specialist_type, created_at, district) VALUES (340, 'Remuera', 35, false, NULL, '2026-04-19 10:10:33.615569+12', 'Auckland') ON CONFLICT DO NOTHING;
INSERT INTO public.stations (id, name, area_id, is_specialist, specialist_type, created_at, district) VALUES (341, 'St Heliers', 35, false, NULL, '2026-04-19 10:10:33.617055+12', 'Auckland') ON CONFLICT DO NOTHING;
INSERT INTO public.stations (id, name, area_id, is_specialist, specialist_type, created_at, district) VALUES (342, 'Howick', 36, false, NULL, '2026-04-19 10:10:33.618573+12', 'Counties Manukau') ON CONFLICT DO NOTHING;
INSERT INTO public.stations (id, name, area_id, is_specialist, specialist_type, created_at, district) VALUES (343, 'Mangere', 36, false, NULL, '2026-04-19 10:10:33.620095+12', 'Counties Manukau') ON CONFLICT DO NOTHING;
INSERT INTO public.stations (id, name, area_id, is_specialist, specialist_type, created_at, district) VALUES (344, 'Manurewa', 36, false, NULL, '2026-04-19 10:10:33.621493+12', 'Counties Manukau') ON CONFLICT DO NOTHING;
INSERT INTO public.stations (id, name, area_id, is_specialist, specialist_type, created_at, district) VALUES (345, 'Otahuhu', 36, false, NULL, '2026-04-19 10:10:33.622852+12', 'Counties Manukau') ON CONFLICT DO NOTHING;
INSERT INTO public.stations (id, name, area_id, is_specialist, specialist_type, created_at, district) VALUES (346, 'Otara', 36, false, NULL, '2026-04-19 10:10:33.624386+12', 'Counties Manukau') ON CONFLICT DO NOTHING;
INSERT INTO public.stations (id, name, area_id, is_specialist, specialist_type, created_at, district) VALUES (347, 'Papatoetoe', 36, false, NULL, '2026-04-19 10:10:33.625782+12', 'Counties Manukau') ON CONFLICT DO NOTHING;
INSERT INTO public.stations (id, name, area_id, is_specialist, specialist_type, created_at, district) VALUES (348, 'Papakura', 36, false, NULL, '2026-04-19 10:10:33.627373+12', 'Counties Manukau') ON CONFLICT DO NOTHING;
INSERT INTO public.stations (id, name, area_id, is_specialist, specialist_type, created_at, district) VALUES (320, 'Albany', 34, false, NULL, '2026-04-19 10:10:33.578205+12', 'Waitemata') ON CONFLICT DO NOTHING;
INSERT INTO public.stations (id, name, area_id, is_specialist, specialist_type, created_at, district) VALUES (321, 'Birkenhead', 34, false, NULL, '2026-04-19 10:10:33.579839+12', 'Waitemata') ON CONFLICT DO NOTHING;
INSERT INTO public.stations (id, name, area_id, is_specialist, specialist_type, created_at, district) VALUES (322, 'Devonport', 34, false, NULL, '2026-04-19 10:10:33.581377+12', 'Waitemata') ON CONFLICT DO NOTHING;
INSERT INTO public.stations (id, name, area_id, is_specialist, specialist_type, created_at, district) VALUES (323, 'East Coast Bays', 34, false, NULL, '2026-04-19 10:10:33.582906+12', 'Waitemata') ON CONFLICT DO NOTHING;
INSERT INTO public.stations (id, name, area_id, is_specialist, specialist_type, created_at, district) VALUES (324, 'Glen Eden', 34, false, NULL, '2026-04-19 10:10:33.584486+12', 'Waitemata') ON CONFLICT DO NOTHING;
INSERT INTO public.stations (id, name, area_id, is_specialist, specialist_type, created_at, district) VALUES (325, 'Henderson', 34, false, NULL, '2026-04-19 10:10:33.586251+12', 'Waitemata') ON CONFLICT DO NOTHING;
INSERT INTO public.stations (id, name, area_id, is_specialist, specialist_type, created_at, district) VALUES (326, 'Silverdale', 34, false, NULL, '2026-04-19 10:10:33.588109+12', 'Waitemata') ON CONFLICT DO NOTHING;
INSERT INTO public.stations (id, name, area_id, is_specialist, specialist_type, created_at, district) VALUES (327, 'Takapuna', 34, false, NULL, '2026-04-19 10:10:33.589907+12', 'Waitemata') ON CONFLICT DO NOTHING;
INSERT INTO public.stations (id, name, area_id, is_specialist, specialist_type, created_at, district) VALUES (328, 'Te Atatu', 34, false, NULL, '2026-04-19 10:10:33.591765+12', 'Waitemata') ON CONFLICT DO NOTHING;
INSERT INTO public.stations (id, name, area_id, is_specialist, specialist_type, created_at, district) VALUES (329, 'Titirangi', 34, false, NULL, '2026-04-19 10:10:33.594725+12', 'Waitemata') ON CONFLICT DO NOTHING;
INSERT INTO public.stations (id, name, area_id, is_specialist, specialist_type, created_at, district) VALUES (330, 'West Harbour', 34, false, NULL, '2026-04-19 10:10:33.597431+12', 'Waitemata') ON CONFLICT DO NOTHING;
INSERT INTO public.stations (id, name, area_id, is_specialist, specialist_type, created_at, district) VALUES (331, 'Auckland City', 35, false, NULL, '2026-04-19 10:10:33.600679+12', 'Auckland') ON CONFLICT DO NOTHING;
INSERT INTO public.stations (id, name, area_id, is_specialist, specialist_type, created_at, district) VALUES (332, 'Avondale', 35, false, NULL, '2026-04-19 10:10:33.602568+12', 'Auckland') ON CONFLICT DO NOTHING;
INSERT INTO public.stations (id, name, area_id, is_specialist, specialist_type, created_at, district) VALUES (333, 'Balmoral', 35, false, NULL, '2026-04-19 10:10:33.604526+12', 'Auckland') ON CONFLICT DO NOTHING;


--
-- Data for Name: firefighters; Type: TABLE DATA; Schema: public; Owner: postgres
--

INSERT INTO public.firefighters (id, first_name, last_name, email, station_id, watch, rank, ot_count_days, ot_count_nights, is_active, qualifications, created_at, updated_at, want_to_work_day, want_to_work_night, ot_count_callback_days, ot_count_callback_nights, ot_count_noncallback_days, ot_count_noncallback_nights) VALUES (534, 'Nina', 'Kowalski', 'nina.kowalski@fenz.slack.com', 325, 'Green', 'FF', 4, 2, true, '{"prt": true, "driver": true, "not_rookie": true}', '2026-04-19 10:10:33.693672+12', '2026-04-19 10:10:33.693672+12', true, true, 2, 1, 2, 1) ON CONFLICT DO NOTHING;
INSERT INTO public.firefighters (id, first_name, last_name, email, station_id, watch, rank, ot_count_days, ot_count_nights, is_active, qualifications, created_at, updated_at, want_to_work_day, want_to_work_night, ot_count_callback_days, ot_count_callback_nights, ot_count_noncallback_days, ot_count_noncallback_nights) VALUES (535, 'Rangi', 'Tuhoe', 'rangi.tuhoe@fenz.slack.com', 335, 'Green', 'QFF', 6, 3, true, '{"driver": true, "not_rookie": true}', '2026-04-19 10:10:33.695532+12', '2026-04-19 10:10:33.695532+12', true, true, 4, 2, 2, 1) ON CONFLICT DO NOTHING;
INSERT INTO public.firefighters (id, first_name, last_name, email, station_id, watch, rank, ot_count_days, ot_count_nights, is_active, qualifications, created_at, updated_at, want_to_work_day, want_to_work_night, ot_count_callback_days, ot_count_callback_nights, ot_count_noncallback_days, ot_count_noncallback_nights) VALUES (536, 'David', 'Wu', 'david.wu@fenz.slack.com', 335, 'Green', 'SFF', 3, 1, true, '{"type4": true, "driver": true, "not_rookie": true}', '2026-04-19 10:10:33.697263+12', '2026-04-19 10:10:33.697263+12', true, true, 1, 1, 2, 0) ON CONFLICT DO NOTHING;
INSERT INTO public.firefighters (id, first_name, last_name, email, station_id, watch, rank, ot_count_days, ot_count_nights, is_active, qualifications, created_at, updated_at, want_to_work_day, want_to_work_night, ot_count_callback_days, ot_count_callback_nights, ot_count_noncallback_days, ot_count_noncallback_nights) VALUES (538, 'Ben', 'Tafua', 'ben.tafua@fenz.slack.com', 342, 'Green', 'FF', 7, 3, true, '{"driver": true, "not_rookie": true}', '2026-04-19 10:10:33.700659+12', '2026-04-19 10:10:33.700659+12', true, true, 4, 2, 3, 1) ON CONFLICT DO NOTHING;
INSERT INTO public.firefighters (id, first_name, last_name, email, station_id, watch, rank, ot_count_days, ot_count_nights, is_active, qualifications, created_at, updated_at, want_to_work_day, want_to_work_night, ot_count_callback_days, ot_count_callback_nights, ot_count_noncallback_days, ot_count_noncallback_nights) VALUES (539, 'Jade', 'Renata', 'jade.renata@fenz.slack.com', 343, 'Green', 'QFF', 2, 1, true, '{"prt": true, "driver": true, "not_rookie": true}', '2026-04-19 10:10:33.702331+12', '2026-04-19 10:10:33.702331+12', true, true, 1, 0, 1, 1) ON CONFLICT DO NOTHING;
INSERT INTO public.firefighters (id, first_name, last_name, email, station_id, watch, rank, ot_count_days, ot_count_nights, is_active, qualifications, created_at, updated_at, want_to_work_day, want_to_work_night, ot_count_callback_days, ot_count_callback_nights, ot_count_noncallback_days, ot_count_noncallback_nights) VALUES (540, 'Sam', 'Kapoor', 'sam.kapoor@fenz.slack.com', 346, 'Green', 'SO', 5, 2, true, '{"type4": true, "driver": true, "not_rookie": true}', '2026-04-19 10:10:33.703867+12', '2026-04-19 10:10:33.703867+12', true, true, 3, 1, 2, 1) ON CONFLICT DO NOTHING;
INSERT INTO public.firefighters (id, first_name, last_name, email, station_id, watch, rank, ot_count_days, ot_count_nights, is_active, qualifications, created_at, updated_at, want_to_work_day, want_to_work_night, ot_count_callback_days, ot_count_callback_nights, ot_count_noncallback_days, ot_count_noncallback_nights) VALUES (541, 'Liam', 'OBrien', 'liam.obrien@fenz.slack.com', 331, 'Red', 'FF', 4, 2, true, '{"CBR": true, "driver": true, "not_rookie": true}', '2026-04-19 10:10:33.705432+12', '2026-04-19 10:10:33.705432+12', true, true, 2, 1, 2, 1) ON CONFLICT DO NOTHING;
INSERT INTO public.firefighters (id, first_name, last_name, email, station_id, watch, rank, ot_count_days, ot_count_nights, is_active, qualifications, created_at, updated_at, want_to_work_day, want_to_work_night, ot_count_callback_days, ot_count_callback_nights, ot_count_noncallback_days, ot_count_noncallback_nights) VALUES (542, 'Aroha', 'Te Rangi', 'aroha.te rangi@fenz.slack.com', 335, 'Red', 'QFF', 6, 3, true, '{"prt": true, "driver": true, "not_rookie": true}', '2026-04-19 10:10:33.706892+12', '2026-04-19 10:10:33.706892+12', true, true, 4, 2, 2, 1) ON CONFLICT DO NOTHING;
INSERT INTO public.firefighters (id, first_name, last_name, email, station_id, watch, rank, ot_count_days, ot_count_nights, is_active, qualifications, created_at, updated_at, want_to_work_day, want_to_work_night, ot_count_callback_days, ot_count_callback_nights, ot_count_noncallback_days, ot_count_noncallback_nights) VALUES (532, 'Emma', 'Chen', 'emma.chen@fenz.slack.com', 320, 'Green', 'SO', 3, 1, true, '{"prt": true, "type4": true, "driver": true, "not_rookie": true}', '2026-04-19 10:10:33.68757+12', '2026-04-19 10:10:33.68757+12', true, true, 1, 0, 1, 1) ON CONFLICT DO NOTHING;
INSERT INTO public.firefighters (id, first_name, last_name, email, station_id, watch, rank, ot_count_days, ot_count_nights, is_active, qualifications, created_at, updated_at, want_to_work_day, want_to_work_night, ot_count_callback_days, ot_count_callback_nights, ot_count_noncallback_days, ot_count_noncallback_nights) VALUES (529, 'Wiremu', 'Hemara', 'wiremu.hemara@fenz.slack.com', 320, 'Green', 'FF', 6, 2, true, '{"driver": true, "not_rookie": true}', '2026-04-19 10:10:33.6805+12', '2026-04-19 10:10:33.6805+12', true, true, 3, 1, 2, 1) ON CONFLICT DO NOTHING;
INSERT INTO public.firefighters (id, first_name, last_name, email, station_id, watch, rank, ot_count_days, ot_count_nights, is_active, qualifications, created_at, updated_at, want_to_work_day, want_to_work_night, ot_count_callback_days, ot_count_callback_nights, ot_count_noncallback_days, ot_count_noncallback_nights) VALUES (530, 'Sarah', 'Mitchell', 'sarah.mitchell@fenz.slack.com', 322, 'Green', 'QFF', 4, 1, true, '{"prt": true, "driver": true, "not_rookie": true}', '2026-04-19 10:10:33.681971+12', '2026-04-19 10:10:33.681971+12', true, true, 1, 0, 2, 1) ON CONFLICT DO NOTHING;
INSERT INTO public.firefighters (id, first_name, last_name, email, station_id, watch, rank, ot_count_days, ot_count_nights, is_active, qualifications, created_at, updated_at, want_to_work_day, want_to_work_night, ot_count_callback_days, ot_count_callback_nights, ot_count_noncallback_days, ot_count_noncallback_nights) VALUES (533, 'Jordan', 'Park', 'jordan.park@fenz.slack.com', 326, 'Green', 'FF', 2, 0, true, '{"driver": true, "not_rookie": true}', '2026-04-19 10:10:33.6894+12', '2026-04-19 10:10:33.6894+12', true, true, 0, 0, 1, 0) ON CONFLICT DO NOTHING;
INSERT INTO public.firefighters (id, first_name, last_name, email, station_id, watch, rank, ot_count_days, ot_count_nights, is_active, qualifications, created_at, updated_at, want_to_work_day, want_to_work_night, ot_count_callback_days, ot_count_callback_nights, ot_count_noncallback_days, ot_count_noncallback_nights) VALUES (537, 'Lisa', 'Campbell', 'lisa.campbell@fenz.slack.com', 328, 'Green', 'SSO', 2, 0, true, '{"prt": true, "type4": true, "driver": true, "not_rookie": true}', '2026-04-19 10:10:33.698803+12', '2026-04-19 10:10:33.698803+12', true, true, 0, 0, 1, 0) ON CONFLICT DO NOTHING;
INSERT INTO public.firefighters (id, first_name, last_name, email, station_id, watch, rank, ot_count_days, ot_count_nights, is_active, qualifications, created_at, updated_at, want_to_work_day, want_to_work_night, ot_count_callback_days, ot_count_callback_nights, ot_count_noncallback_days, ot_count_noncallback_nights) VALUES (531, 'Tane', 'Rawiri', 'tane.rawiri@fenz.slack.com', 323, 'Green', 'SFF', 9, 4, true, '{"driver": true, "not_rookie": true}', '2026-04-19 10:10:33.683761+12', '2026-04-19 10:10:33.683761+12', true, true, 5, 3, 3, 1) ON CONFLICT DO NOTHING;
INSERT INTO public.firefighters (id, first_name, last_name, email, station_id, watch, rank, ot_count_days, ot_count_nights, is_active, qualifications, created_at, updated_at, want_to_work_day, want_to_work_night, ot_count_callback_days, ot_count_callback_nights, ot_count_noncallback_days, ot_count_noncallback_nights) VALUES (543, 'Marcus', 'Williams', 'marcus.williams@fenz.slack.com', 335, 'Red', 'FF', 2, 1, true, '{"driver": true, "not_rookie": true}', '2026-04-19 10:10:33.708314+12', '2026-04-19 10:10:33.708314+12', true, true, 1, 0, 1, 1) ON CONFLICT DO NOTHING;
INSERT INTO public.firefighters (id, first_name, last_name, email, station_id, watch, rank, ot_count_days, ot_count_nights, is_active, qualifications, created_at, updated_at, want_to_work_day, want_to_work_night, ot_count_callback_days, ot_count_callback_nights, ot_count_noncallback_days, ot_count_noncallback_nights) VALUES (544, 'Hemi', 'Ngata', 'hemi.ngata@fenz.slack.com', 341, 'Red', 'SFF', 7, 3, true, '{"type4": true, "driver": true, "not_rookie": true}', '2026-04-19 10:10:33.709841+12', '2026-04-19 10:10:33.709841+12', true, true, 5, 2, 2, 1) ON CONFLICT DO NOTHING;
INSERT INTO public.firefighters (id, first_name, last_name, email, station_id, watch, rank, ot_count_days, ot_count_nights, is_active, qualifications, created_at, updated_at, want_to_work_day, want_to_work_night, ot_count_callback_days, ot_count_callback_nights, ot_count_noncallback_days, ot_count_noncallback_nights) VALUES (545, 'Priya', 'Sharma', 'priya.sharma@fenz.slack.com', 331, 'Red', 'SO', 1, 0, true, '{"CBR": true, "prt": true, "type4": true, "driver": true, "not_rookie": true}', '2026-04-19 10:10:33.711533+12', '2026-04-19 10:10:33.711533+12', true, true, 0, 0, 1, 0) ON CONFLICT DO NOTHING;
INSERT INTO public.firefighters (id, first_name, last_name, email, station_id, watch, rank, ot_count_days, ot_count_nights, is_active, qualifications, created_at, updated_at, want_to_work_day, want_to_work_night, ot_count_callback_days, ot_count_callback_nights, ot_count_noncallback_days, ot_count_noncallback_nights) VALUES (546, 'Jake', 'Morrison', 'jake.morrison@fenz.slack.com', 327, 'Red', 'FF', 3, 1, true, '{"driver": true, "not_rookie": true}', '2026-04-19 10:10:33.71303+12', '2026-04-19 10:10:33.71303+12', true, true, 2, 0, 1, 1) ON CONFLICT DO NOTHING;
INSERT INTO public.firefighters (id, first_name, last_name, email, station_id, watch, rank, ot_count_days, ot_count_nights, is_active, qualifications, created_at, updated_at, want_to_work_day, want_to_work_night, ot_count_callback_days, ot_count_callback_nights, ot_count_noncallback_days, ot_count_noncallback_nights) VALUES (547, 'Maia', 'Henare', 'maia.henare@fenz.slack.com', 321, 'Red', 'QFF', 5, 2, true, '{"prt": true, "driver": true, "not_rookie": true}', '2026-04-19 10:10:33.714399+12', '2026-04-19 10:10:33.714399+12', true, true, 3, 1, 2, 1) ON CONFLICT DO NOTHING;
INSERT INTO public.firefighters (id, first_name, last_name, email, station_id, watch, rank, ot_count_days, ot_count_nights, is_active, qualifications, created_at, updated_at, want_to_work_day, want_to_work_night, ot_count_callback_days, ot_count_callback_nights, ot_count_noncallback_days, ot_count_noncallback_nights) VALUES (548, 'Chris', 'Evans', 'chris.evans@fenz.slack.com', 320, 'Red', 'SFF', 8, 4, true, '{"driver": true, "not_rookie": true}', '2026-04-19 10:10:33.715997+12', '2026-04-19 10:10:33.715997+12', true, true, 6, 3, 2, 1) ON CONFLICT DO NOTHING;
INSERT INTO public.firefighters (id, first_name, last_name, email, station_id, watch, rank, ot_count_days, ot_count_nights, is_active, qualifications, created_at, updated_at, want_to_work_day, want_to_work_night, ot_count_callback_days, ot_count_callback_nights, ot_count_noncallback_days, ot_count_noncallback_nights) VALUES (549, 'Mereana', 'Kahu', 'mereana.kahu@fenz.slack.com', 326, 'Red', 'SO', 2, 0, true, '{"prt": true, "type4": true, "driver": true, "not_rookie": true}', '2026-04-19 10:10:33.717559+12', '2026-04-19 10:10:33.717559+12', true, true, 1, 0, 1, 0) ON CONFLICT DO NOTHING;
INSERT INTO public.firefighters (id, first_name, last_name, email, station_id, watch, rank, ot_count_days, ot_count_nights, is_active, qualifications, created_at, updated_at, want_to_work_day, want_to_work_night, ot_count_callback_days, ot_count_callback_nights, ot_count_noncallback_days, ot_count_noncallback_nights) VALUES (550, 'Tyler', 'Patel', 'tyler.patel@fenz.slack.com', 344, 'Red', 'FF', 4, 2, true, '{"driver": true, "not_rookie": true}', '2026-04-19 10:10:33.719068+12', '2026-04-19 10:10:33.719068+12', true, true, 2, 1, 2, 1) ON CONFLICT DO NOTHING;
INSERT INTO public.firefighters (id, first_name, last_name, email, station_id, watch, rank, ot_count_days, ot_count_nights, is_active, qualifications, created_at, updated_at, want_to_work_day, want_to_work_night, ot_count_callback_days, ot_count_callback_nights, ot_count_noncallback_days, ot_count_noncallback_nights) VALUES (551, 'Anika', 'Singh', 'anika.singh@fenz.slack.com', 348, 'Red', 'QFF', 3, 1, true, '{"prt": true, "driver": true, "not_rookie": true}', '2026-04-19 10:10:33.720435+12', '2026-04-19 10:10:33.720435+12', true, true, 2, 0, 1, 1) ON CONFLICT DO NOTHING;
INSERT INTO public.firefighters (id, first_name, last_name, email, station_id, watch, rank, ot_count_days, ot_count_nights, is_active, qualifications, created_at, updated_at, want_to_work_day, want_to_work_night, ot_count_callback_days, ot_count_callback_nights, ot_count_noncallback_days, ot_count_noncallback_nights) VALUES (552, 'Rawiri', 'Tamati', 'rawiri.tamati@fenz.slack.com', 342, 'Red', 'SSO', 1, 0, true, '{"type4": true, "driver": true, "not_rookie": true}', '2026-04-19 10:10:33.721848+12', '2026-04-19 10:10:33.721848+12', true, true, 0, 0, 1, 0) ON CONFLICT DO NOTHING;
INSERT INTO public.firefighters (id, first_name, last_name, email, station_id, watch, rank, ot_count_days, ot_count_nights, is_active, qualifications, created_at, updated_at, want_to_work_day, want_to_work_night, ot_count_callback_days, ot_count_callback_nights, ot_count_noncallback_days, ot_count_noncallback_nights) VALUES (553, 'Kahu', 'Makiha', 'kahu.makiha@fenz.slack.com', 325, 'Brown', 'FF', 3, 2, true, '{"prt": true, "driver": true, "not_rookie": true}', '2026-04-19 10:10:33.723275+12', '2026-04-19 10:10:33.723275+12', true, true, 2, 1, 1, 1) ON CONFLICT DO NOTHING;
INSERT INTO public.firefighters (id, first_name, last_name, email, station_id, watch, rank, ot_count_days, ot_count_nights, is_active, qualifications, created_at, updated_at, want_to_work_day, want_to_work_night, ot_count_callback_days, ot_count_callback_nights, ot_count_noncallback_days, ot_count_noncallback_nights) VALUES (554, 'Rebecca', 'Taylor', 'rebecca.taylor@fenz.slack.com', 324, 'Brown', 'QFF', 5, 2, true, '{"driver": true, "not_rookie": true}', '2026-04-19 10:10:33.724738+12', '2026-04-19 10:10:33.724738+12', true, true, 3, 1, 2, 1) ON CONFLICT DO NOTHING;
INSERT INTO public.firefighters (id, first_name, last_name, email, station_id, watch, rank, ot_count_days, ot_count_nights, is_active, qualifications, created_at, updated_at, want_to_work_day, want_to_work_night, ot_count_callback_days, ot_count_callback_nights, ot_count_noncallback_days, ot_count_noncallback_nights) VALUES (555, 'Luke', 'Tanner', 'luke.tanner@fenz.slack.com', 322, 'Brown', 'FF', 4, 2, true, '{"driver": true, "not_rookie": true}', '2026-04-19 10:10:33.726275+12', '2026-04-19 10:10:33.726275+12', true, true, 2, 1, 2, 1) ON CONFLICT DO NOTHING;
INSERT INTO public.firefighters (id, first_name, last_name, email, station_id, watch, rank, ot_count_days, ot_count_nights, is_active, qualifications, created_at, updated_at, want_to_work_day, want_to_work_night, ot_count_callback_days, ot_count_callback_nights, ot_count_noncallback_days, ot_count_noncallback_nights) VALUES (556, 'Hinewai', 'Ruru', 'hinewai.ruru@fenz.slack.com', 327, 'Brown', 'QFF', 6, 3, true, '{"prt": true, "driver": true, "not_rookie": true}', '2026-04-19 10:10:33.727887+12', '2026-04-19 10:10:33.727887+12', true, true, 4, 2, 2, 1) ON CONFLICT DO NOTHING;
INSERT INTO public.firefighters (id, first_name, last_name, email, station_id, watch, rank, ot_count_days, ot_count_nights, is_active, qualifications, created_at, updated_at, want_to_work_day, want_to_work_night, ot_count_callback_days, ot_count_callback_nights, ot_count_noncallback_days, ot_count_noncallback_nights) VALUES (557, 'Dan', 'Reid', 'dan.reid@fenz.slack.com', 332, 'Brown', 'FF', 2, 1, true, '{"driver": true, "not_rookie": true}', '2026-04-19 10:10:33.729407+12', '2026-04-19 10:10:33.729407+12', true, true, 1, 0, 1, 1) ON CONFLICT DO NOTHING;
INSERT INTO public.firefighters (id, first_name, last_name, email, station_id, watch, rank, ot_count_days, ot_count_nights, is_active, qualifications, created_at, updated_at, want_to_work_day, want_to_work_night, ot_count_callback_days, ot_count_callback_nights, ot_count_noncallback_days, ot_count_noncallback_nights) VALUES (558, 'Nikau', 'Tangaroa', 'nikau.tangaroa@fenz.slack.com', 335, 'Brown', 'SFF', 9, 5, true, '{"type4": true, "driver": true, "not_rookie": true}', '2026-04-19 10:10:33.730978+12', '2026-04-19 10:10:33.730978+12', true, true, 7, 4, 2, 1) ON CONFLICT DO NOTHING;
INSERT INTO public.firefighters (id, first_name, last_name, email, station_id, watch, rank, ot_count_days, ot_count_nights, is_active, qualifications, created_at, updated_at, want_to_work_day, want_to_work_night, ot_count_callback_days, ot_count_callback_nights, ot_count_noncallback_days, ot_count_noncallback_nights) VALUES (559, 'Grace', 'Whittaker', 'grace.whittaker@fenz.slack.com', 333, 'Brown', 'SSO', 0, 0, true, '{"prt": true, "type4": true, "driver": true, "not_rookie": true}', '2026-04-19 10:10:33.732428+12', '2026-04-19 10:10:33.732428+12', true, true, 0, 0, 0, 0) ON CONFLICT DO NOTHING;
INSERT INTO public.firefighters (id, first_name, last_name, email, station_id, watch, rank, ot_count_days, ot_count_nights, is_active, qualifications, created_at, updated_at, want_to_work_day, want_to_work_night, ot_count_callback_days, ot_count_callback_nights, ot_count_noncallback_days, ot_count_noncallback_nights) VALUES (560, 'Pete', 'Douglas', 'pete.douglas@fenz.slack.com', 334, 'Brown', 'SFF', 3, 1, true, '{"driver": true, "not_rookie": true}', '2026-04-19 10:10:33.734088+12', '2026-04-19 10:10:33.734088+12', true, true, 2, 0, 1, 1) ON CONFLICT DO NOTHING;
INSERT INTO public.firefighters (id, first_name, last_name, email, station_id, watch, rank, ot_count_days, ot_count_nights, is_active, qualifications, created_at, updated_at, want_to_work_day, want_to_work_night, ot_count_callback_days, ot_count_callback_nights, ot_count_noncallback_days, ot_count_noncallback_nights) VALUES (561, 'Whina', 'Cooper', 'whina.cooper@fenz.slack.com', 326, 'Brown', 'SO', 1, 0, true, '{"prt": true, "type4": true, "driver": true, "not_rookie": true}', '2026-04-19 10:10:33.735664+12', '2026-04-19 10:10:33.735664+12', true, true, 0, 0, 1, 0) ON CONFLICT DO NOTHING;
INSERT INTO public.firefighters (id, first_name, last_name, email, station_id, watch, rank, ot_count_days, ot_count_nights, is_active, qualifications, created_at, updated_at, want_to_work_day, want_to_work_night, ot_count_callback_days, ot_count_callback_nights, ot_count_noncallback_days, ot_count_noncallback_nights) VALUES (562, 'Matt', 'Young', 'matt.young@fenz.slack.com', 342, 'Brown', 'FF', 7, 3, true, '{"driver": true, "not_rookie": true}', '2026-04-19 10:10:33.73727+12', '2026-04-19 10:10:33.73727+12', true, true, 5, 2, 2, 1) ON CONFLICT DO NOTHING;
INSERT INTO public.firefighters (id, first_name, last_name, email, station_id, watch, rank, ot_count_days, ot_count_nights, is_active, qualifications, created_at, updated_at, want_to_work_day, want_to_work_night, ot_count_callback_days, ot_count_callback_nights, ot_count_noncallback_days, ot_count_noncallback_nights) VALUES (563, 'Aria', 'Matene', 'aria.matene@fenz.slack.com', 343, 'Brown', 'QFF', 2, 1, true, '{"prt": true, "driver": true, "not_rookie": true}', '2026-04-19 10:10:33.738955+12', '2026-04-19 10:10:33.738955+12', true, true, 1, 0, 1, 1) ON CONFLICT DO NOTHING;
INSERT INTO public.firefighters (id, first_name, last_name, email, station_id, watch, rank, ot_count_days, ot_count_nights, is_active, qualifications, created_at, updated_at, want_to_work_day, want_to_work_night, ot_count_callback_days, ot_count_callback_nights, ot_count_noncallback_days, ot_count_noncallback_nights) VALUES (564, 'Ross', 'McIntyre', 'ross.mcintyre@fenz.slack.com', 344, 'Brown', 'SO', 5, 2, true, '{"type4": true, "driver": true, "not_rookie": true}', '2026-04-19 10:10:33.740853+12', '2026-04-19 10:10:33.740853+12', true, true, 3, 1, 2, 1) ON CONFLICT DO NOTHING;
INSERT INTO public.firefighters (id, first_name, last_name, email, station_id, watch, rank, ot_count_days, ot_count_nights, is_active, qualifications, created_at, updated_at, want_to_work_day, want_to_work_night, ot_count_callback_days, ot_count_callback_nights, ot_count_noncallback_days, ot_count_noncallback_nights) VALUES (565, 'Tommy', 'Ahu', 'tommy.ahu@fenz.slack.com', 342, 'Blue', 'FF', 6, 3, true, '{"driver": true, "not_rookie": true}', '2026-04-19 10:10:33.743056+12', '2026-04-19 10:10:33.743056+12', true, true, 4, 2, 2, 1) ON CONFLICT DO NOTHING;
INSERT INTO public.firefighters (id, first_name, last_name, email, station_id, watch, rank, ot_count_days, ot_count_nights, is_active, qualifications, created_at, updated_at, want_to_work_day, want_to_work_night, ot_count_callback_days, ot_count_callback_nights, ot_count_noncallback_days, ot_count_noncallback_nights) VALUES (566, 'Fiona', 'Cameron', 'fiona.cameron@fenz.slack.com', 342, 'Blue', 'QFF', 4, 2, true, '{"prt": true, "driver": true, "not_rookie": true}', '2026-04-19 10:10:33.744847+12', '2026-04-19 10:10:33.744847+12', true, true, 2, 1, 2, 1) ON CONFLICT DO NOTHING;
INSERT INTO public.firefighters (id, first_name, last_name, email, station_id, watch, rank, ot_count_days, ot_count_nights, is_active, qualifications, created_at, updated_at, want_to_work_day, want_to_work_night, ot_count_callback_days, ot_count_callback_nights, ot_count_noncallback_days, ot_count_noncallback_nights) VALUES (567, 'Sam', 'Tong', 'sam.tong@fenz.slack.com', 344, 'Blue', 'SFF', 7, 4, true, '{"prt": true, "driver": true, "not_rookie": true}', '2026-04-19 10:10:33.746463+12', '2026-04-19 10:10:33.746463+12', true, true, 5, 3, 2, 1) ON CONFLICT DO NOTHING;
INSERT INTO public.firefighters (id, first_name, last_name, email, station_id, watch, rank, ot_count_days, ot_count_nights, is_active, qualifications, created_at, updated_at, want_to_work_day, want_to_work_night, ot_count_callback_days, ot_count_callback_nights, ot_count_noncallback_days, ot_count_noncallback_nights) VALUES (568, 'Mere', 'Whare', 'mere.whare@fenz.slack.com', 343, 'Blue', 'FF', 1, 0, true, '{"driver": true, "not_rookie": true}', '2026-04-19 10:10:33.748041+12', '2026-04-19 10:10:33.748041+12', true, true, 0, 0, 1, 0) ON CONFLICT DO NOTHING;
INSERT INTO public.firefighters (id, first_name, last_name, email, station_id, watch, rank, ot_count_days, ot_count_nights, is_active, qualifications, created_at, updated_at, want_to_work_day, want_to_work_night, ot_count_callback_days, ot_count_callback_nights, ot_count_noncallback_days, ot_count_noncallback_nights) VALUES (569, 'Alex', 'Brown', 'alex.brown@fenz.slack.com', 346, 'Blue', 'SO', 3, 1, true, '{"type4": true, "driver": true, "not_rookie": true}', '2026-04-19 10:10:33.749516+12', '2026-04-19 10:10:33.749516+12', true, true, 2, 0, 1, 1) ON CONFLICT DO NOTHING;
INSERT INTO public.firefighters (id, first_name, last_name, email, station_id, watch, rank, ot_count_days, ot_count_nights, is_active, qualifications, created_at, updated_at, want_to_work_day, want_to_work_night, ot_count_callback_days, ot_count_callback_nights, ot_count_noncallback_days, ot_count_noncallback_nights) VALUES (574, 'Oliver', 'Hunt', 'oliver.hunt@fenz.slack.com', 335, 'Blue', 'FF', 6, 3, true, '{"driver": true, "not_rookie": true}', '2026-04-19 10:10:33.75772+12', '2026-04-19 10:10:33.75772+12', true, true, 4, 2, 2, 1) ON CONFLICT DO NOTHING;
INSERT INTO public.firefighters (id, first_name, last_name, email, station_id, watch, rank, ot_count_days, ot_count_nights, is_active, qualifications, created_at, updated_at, want_to_work_day, want_to_work_night, ot_count_callback_days, ot_count_callback_nights, ot_count_noncallback_days, ot_count_noncallback_nights) VALUES (576, 'Gary', 'Chen', 'gary.chen@fenz.slack.com', 341, 'Blue', 'SSO', 1, 0, true, '{"prt": true, "type4": true, "driver": true, "not_rookie": true}', '2026-04-19 10:10:33.761679+12', '2026-04-19 10:10:33.761679+12', true, true, 0, 0, 1, 0) ON CONFLICT DO NOTHING;
INSERT INTO public.firefighters (id, first_name, last_name, email, station_id, watch, rank, ot_count_days, ot_count_nights, is_active, qualifications, created_at, updated_at, want_to_work_day, want_to_work_night, ot_count_callback_days, ot_count_callback_nights, ot_count_noncallback_days, ot_count_noncallback_nights) VALUES (570, 'Zoe', 'Fletcher', 'zoe.fletcher@fenz.slack.com', 320, 'Blue', 'FF', 3, 1, true, '{"prt": true, "driver": true, "not_rookie": true}', '2026-04-19 10:10:33.750904+12', '2026-04-19 10:10:33.750904+12', true, true, 1, 0, 1, 1) ON CONFLICT DO NOTHING;
INSERT INTO public.firefighters (id, first_name, last_name, email, station_id, watch, rank, ot_count_days, ot_count_nights, is_active, qualifications, created_at, updated_at, want_to_work_day, want_to_work_night, ot_count_callback_days, ot_count_callback_nights, ot_count_noncallback_days, ot_count_noncallback_nights) VALUES (571, 'Tipene', 'Rata', 'tipene.rata@fenz.slack.com', 322, 'Blue', 'QFF', 6, 2, true, '{"driver": true, "not_rookie": true}', '2026-04-19 10:10:33.752677+12', '2026-04-19 10:10:33.752677+12', true, true, 3, 1, 2, 1) ON CONFLICT DO NOTHING;
INSERT INTO public.firefighters (id, first_name, last_name, email, station_id, watch, rank, ot_count_days, ot_count_nights, is_active, qualifications, created_at, updated_at, want_to_work_day, want_to_work_night, ot_count_callback_days, ot_count_callback_nights, ot_count_noncallback_days, ot_count_noncallback_nights) VALUES (572, 'Kate', 'Sullivan', 'kate.sullivan@fenz.slack.com', 326, 'Blue', 'SFF', 4, 1, true, '{"prt": true, "type4": true, "driver": true, "not_rookie": true}', '2026-04-19 10:10:33.754333+12', '2026-04-19 10:10:33.754333+12', true, true, 2, 0, 1, 1) ON CONFLICT DO NOTHING;
INSERT INTO public.firefighters (id, first_name, last_name, email, station_id, watch, rank, ot_count_days, ot_count_nights, is_active, qualifications, created_at, updated_at, want_to_work_day, want_to_work_night, ot_count_callback_days, ot_count_callback_nights, ot_count_noncallback_days, ot_count_noncallback_nights) VALUES (573, 'Rongo', 'Parata', 'rongo.parata@fenz.slack.com', 327, 'Blue', 'SO', 5, 2, true, '{"type4": true, "driver": true, "not_rookie": true}', '2026-04-19 10:10:33.75603+12', '2026-04-19 10:10:33.75603+12', true, true, 3, 1, 1, 1) ON CONFLICT DO NOTHING;
INSERT INTO public.firefighters (id, first_name, last_name, email, station_id, watch, rank, ot_count_days, ot_count_nights, is_active, qualifications, created_at, updated_at, want_to_work_day, want_to_work_night, ot_count_callback_days, ot_count_callback_nights, ot_count_noncallback_days, ot_count_noncallback_nights) VALUES (575, 'Marama', 'Te Awa', 'marama.te awa@fenz.slack.com', 325, 'Blue', 'QFF', 3, 0, true, '{"prt": true, "driver": true, "not_rookie": true}', '2026-04-19 10:10:33.760023+12', '2026-04-19 10:10:33.760023+12', true, true, 1, 0, 1, 0) ON CONFLICT DO NOTHING;


--
-- Data for Name: station_distances; Type: TABLE DATA; Schema: public; Owner: postgres
--

INSERT INTO public.station_distances (station_id, district, distances) VALUES (322, NULL, '{"Otara": 32, "Albany": 14, "Howick": 31, "Mangere": 37, "Otahuhu": 28, "Parnell": 16, "Remuera": 18, "Avondale": 21, "Balmoral": 19, "Manurewa": 38, "Onehunga": 22, "Papakura": 42, "Takapuna": 15, "Te Atatu": 24, "Ellerslie": 20, "Glen Eden": 27, "Grey Lynn": 14, "Henderson": 28, "Titirangi": 28, "Birkenhead": 10, "Papatoetoe": 34, "Silverdale": 30, "St Heliers": 25, "West Harbour": 25, "Auckland City": 13, "Mount Roskill": 25, "East Coast Bays": 17, "Mount Wellington": 23}') ON CONFLICT DO NOTHING;
INSERT INTO public.station_distances (station_id, district, distances) VALUES (320, NULL, '{"Otara": 36, "Howick": 35, "Mangere": 41, "Otahuhu": 31, "Parnell": 20, "Remuera": 22, "Avondale": 26, "Balmoral": 23, "Manurewa": 42, "Onehunga": 26, "Papakura": 46, "Takapuna": 5, "Te Atatu": 18, "Devonport": 14, "Ellerslie": 24, "Glen Eden": 24, "Grey Lynn": 18, "Henderson": 19, "Titirangi": 28, "Birkenhead": 8, "Papatoetoe": 38, "Silverdale": 21, "St Heliers": 29, "West Harbour": 12, "Auckland City": 17, "Mount Roskill": 29, "East Coast Bays": 7, "Mount Wellington": 27}') ON CONFLICT DO NOTHING;
INSERT INTO public.station_distances (station_id, district, distances) VALUES (321, NULL, '{"Otara": 28, "Albany": 8, "Howick": 27, "Mangere": 34, "Otahuhu": 24, "Parnell": 13, "Remuera": 14, "Avondale": 18, "Balmoral": 16, "Manurewa": 34, "Onehunga": 18, "Papakura": 39, "Takapuna": 5, "Te Atatu": 20, "Devonport": 10, "Ellerslie": 17, "Glen Eden": 23, "Grey Lynn": 10, "Henderson": 24, "Titirangi": 24, "Papatoetoe": 30, "Silverdale": 28, "St Heliers": 21, "West Harbour": 19, "Auckland City": 10, "Mount Roskill": 22, "East Coast Bays": 15, "Mount Wellington": 20}') ON CONFLICT DO NOTHING;
INSERT INTO public.station_distances (station_id, district, distances) VALUES (323, NULL, '{"Otara": 39, "Albany": 7, "Howick": 38, "Mangere": 44, "Otahuhu": 34, "Parnell": 23, "Remuera": 25, "Avondale": 28, "Balmoral": 26, "Manurewa": 45, "Onehunga": 29, "Papakura": 49, "Takapuna": 9, "Te Atatu": 25, "Devonport": 17, "Ellerslie": 27, "Glen Eden": 31, "Grey Lynn": 21, "Henderson": 26, "Titirangi": 35, "Birkenhead": 15, "Papatoetoe": 41, "Silverdale": 14, "St Heliers": 32, "West Harbour": 19, "Auckland City": 20, "Mount Roskill": 32, "Mount Wellington": 30}') ON CONFLICT DO NOTHING;
INSERT INTO public.station_distances (station_id, district, distances) VALUES (324, NULL, '{"Otara": 34, "Albany": 24, "Howick": 26, "Mangere": 22, "Otahuhu": 22, "Parnell": 17, "Remuera": 19, "Avondale": 6, "Balmoral": 11, "Manurewa": 31, "Onehunga": 15, "Papakura": 36, "Takapuna": 26, "Te Atatu": 6, "Devonport": 27, "Ellerslie": 17, "Grey Lynn": 12, "Henderson": 4, "Titirangi": 4, "Birkenhead": 23, "Papatoetoe": 27, "Silverdale": 44, "St Heliers": 26, "West Harbour": 12, "Auckland City": 15, "Mount Roskill": 10, "East Coast Bays": 31, "Mount Wellington": 20}') ON CONFLICT DO NOTHING;
INSERT INTO public.station_distances (station_id, district, distances) VALUES (325, NULL, '{"Otara": 33, "Albany": 19, "Howick": 32, "Mangere": 28, "Otahuhu": 29, "Parnell": 18, "Remuera": 19, "Avondale": 8, "Balmoral": 15, "Manurewa": 38, "Onehunga": 22, "Papakura": 42, "Takapuna": 24, "Te Atatu": 3, "Devonport": 28, "Ellerslie": 22, "Glen Eden": 4, "Grey Lynn": 13, "Titirangi": 8, "Birkenhead": 24, "Papatoetoe": 33, "Silverdale": 40, "St Heliers": 26, "West Harbour": 8, "Auckland City": 15, "Mount Roskill": 16, "East Coast Bays": 26, "Mount Wellington": 25}') ON CONFLICT DO NOTHING;
INSERT INTO public.station_distances (station_id, district, distances) VALUES (326, NULL, '{"Otara": 52, "Albany": 21, "Howick": 51, "Mangere": 57, "Otahuhu": 48, "Parnell": 36, "Remuera": 38, "Avondale": 41, "Balmoral": 39, "Manurewa": 58, "Onehunga": 42, "Papakura": 62, "Takapuna": 22, "Te Atatu": 38, "Devonport": 30, "Ellerslie": 40, "Glen Eden": 44, "Grey Lynn": 34, "Henderson": 40, "Titirangi": 48, "Birkenhead": 28, "Papatoetoe": 54, "St Heliers": 45, "West Harbour": 32, "Auckland City": 33, "Mount Roskill": 45, "East Coast Bays": 14, "Mount Wellington": 43}') ON CONFLICT DO NOTHING;
INSERT INTO public.station_distances (station_id, district, distances) VALUES (327, NULL, '{"Otara": 31, "Albany": 5, "Howick": 30, "Mangere": 36, "Otahuhu": 27, "Parnell": 15, "Remuera": 17, "Avondale": 20, "Balmoral": 18, "Manurewa": 37, "Onehunga": 21, "Papakura": 41, "Te Atatu": 22, "Devonport": 15, "Ellerslie": 19, "Glen Eden": 26, "Grey Lynn": 13, "Henderson": 24, "Titirangi": 27, "Birkenhead": 5, "Papatoetoe": 33, "Silverdale": 22, "St Heliers": 24, "West Harbour": 16, "Auckland City": 12, "Mount Roskill": 24, "East Coast Bays": 9, "Mount Wellington": 22}') ON CONFLICT DO NOTHING;
INSERT INTO public.station_distances (station_id, district, distances) VALUES (328, NULL, '{"Otara": 30, "Albany": 18, "Howick": 29, "Mangere": 25, "Otahuhu": 26, "Parnell": 14, "Remuera": 16, "Avondale": 9, "Balmoral": 12, "Manurewa": 34, "Onehunga": 18, "Papakura": 39, "Takapuna": 22, "Devonport": 24, "Ellerslie": 18, "Glen Eden": 6, "Grey Lynn": 10, "Henderson": 3, "Titirangi": 10, "Birkenhead": 20, "Papatoetoe": 30, "Silverdale": 38, "St Heliers": 23, "West Harbour": 6, "Auckland City": 12, "Mount Roskill": 13, "East Coast Bays": 25, "Mount Wellington": 21}') ON CONFLICT DO NOTHING;
INSERT INTO public.station_distances (station_id, district, distances) VALUES (329, NULL, '{"Otara": 35, "Albany": 28, "Howick": 28, "Mangere": 23, "Otahuhu": 23, "Parnell": 19, "Remuera": 20, "Avondale": 8, "Balmoral": 12, "Manurewa": 33, "Onehunga": 16, "Papakura": 37, "Takapuna": 27, "Te Atatu": 10, "Devonport": 28, "Ellerslie": 18, "Glen Eden": 4, "Grey Lynn": 14, "Henderson": 8, "Birkenhead": 24, "Papatoetoe": 28, "Silverdale": 48, "St Heliers": 27, "West Harbour": 17, "Auckland City": 16, "Mount Roskill": 10, "East Coast Bays": 35, "Mount Wellington": 21}') ON CONFLICT DO NOTHING;
INSERT INTO public.station_distances (station_id, district, distances) VALUES (330, NULL, '{"Otara": 36, "Albany": 12, "Howick": 35, "Mangere": 31, "Otahuhu": 32, "Parnell": 21, "Remuera": 22, "Avondale": 15, "Balmoral": 18, "Manurewa": 41, "Onehunga": 24, "Papakura": 45, "Takapuna": 16, "Te Atatu": 6, "Devonport": 25, "Ellerslie": 24, "Glen Eden": 12, "Grey Lynn": 16, "Henderson": 8, "Titirangi": 17, "Birkenhead": 19, "Papatoetoe": 36, "Silverdale": 32, "St Heliers": 29, "Auckland City": 18, "Mount Roskill": 19, "East Coast Bays": 19, "Mount Wellington": 27}') ON CONFLICT DO NOTHING;
INSERT INTO public.station_distances (station_id, district, distances) VALUES (331, NULL, '{"Otara": 19, "Albany": 17, "Howick": 18, "Mangere": 25, "Otahuhu": 15, "Parnell": 3, "Remuera": 5, "Avondale": 9, "Balmoral": 4, "Manurewa": 25, "Onehunga": 9, "Papakura": 29, "Takapuna": 12, "Te Atatu": 12, "Devonport": 13, "Ellerslie": 7, "Glen Eden": 14, "Grey Lynn": 2, "Henderson": 15, "Titirangi": 16, "Birkenhead": 9, "Papatoetoe": 21, "Silverdale": 33, "St Heliers": 12, "West Harbour": 19, "Mount Roskill": 13, "East Coast Bays": 20, "Mount Wellington": 10}') ON CONFLICT DO NOTHING;
INSERT INTO public.station_distances (station_id, district, distances) VALUES (332, NULL, '{"Otara": 28, "Albany": 26, "Howick": 22, "Mangere": 17, "Otahuhu": 17, "Parnell": 12, "Remuera": 14, "Balmoral": 5, "Manurewa": 27, "Onehunga": 11, "Papakura": 31, "Takapuna": 21, "Te Atatu": 8, "Devonport": 22, "Ellerslie": 16, "Glen Eden": 6, "Grey Lynn": 6, "Henderson": 8, "Titirangi": 7, "Birkenhead": 18, "Papatoetoe": 22, "Silverdale": 42, "St Heliers": 21, "West Harbour": 15, "Auckland City": 10, "Mount Roskill": 5, "East Coast Bays": 29, "Mount Wellington": 16}') ON CONFLICT DO NOTHING;
INSERT INTO public.station_distances (station_id, district, distances) VALUES (333, NULL, '{"Otara": 19, "Albany": 21, "Howick": 18, "Mangere": 16, "Otahuhu": 14, "Parnell": 7, "Remuera": 5, "Avondale": 5, "Manurewa": 25, "Onehunga": 6, "Papakura": 30, "Takapuna": 16, "Te Atatu": 11, "Devonport": 17, "Ellerslie": 6, "Glen Eden": 11, "Grey Lynn": 4, "Henderson": 14, "Titirangi": 12, "Birkenhead": 13, "Papatoetoe": 21, "Silverdale": 37, "St Heliers": 12, "West Harbour": 17, "Auckland City": 4, "Mount Roskill": 4, "East Coast Bays": 24, "Mount Wellington": 10}') ON CONFLICT DO NOTHING;
INSERT INTO public.station_distances (station_id, district, distances) VALUES (334, NULL, '{"Otara": 12, "Albany": 24, "Howick": 11, "Mangere": 13, "Otahuhu": 8, "Parnell": 9, "Remuera": 3, "Avondale": 14, "Balmoral": 6, "Manurewa": 18, "Onehunga": 4, "Papakura": 23, "Takapuna": 19, "Te Atatu": 17, "Devonport": 20, "Glen Eden": 17, "Grey Lynn": 9, "Henderson": 21, "Titirangi": 18, "Birkenhead": 16, "Papatoetoe": 14, "Silverdale": 40, "St Heliers": 7, "West Harbour": 24, "Auckland City": 7, "Mount Roskill": 8, "East Coast Bays": 27, "Mount Wellington": 4}') ON CONFLICT DO NOTHING;
INSERT INTO public.station_distances (station_id, district, distances) VALUES (335, NULL, '{"Otara": 21, "Albany": 18, "Howick": 19, "Mangere": 22, "Otahuhu": 16, "Parnell": 7, "Remuera": 7, "Avondale": 6, "Balmoral": 4, "Manurewa": 26, "Onehunga": 9, "Papakura": 31, "Takapuna": 13, "Te Atatu": 9, "Devonport": 14, "Ellerslie": 9, "Glen Eden": 11, "Henderson": 13, "Titirangi": 13, "Birkenhead": 10, "Papatoetoe": 22, "Silverdale": 34, "St Heliers": 14, "West Harbour": 16, "Auckland City": 2, "Mount Roskill": 10, "East Coast Bays": 21, "Mount Wellington": 12}') ON CONFLICT DO NOTHING;
INSERT INTO public.station_distances (station_id, district, distances) VALUES (336, NULL, '{"Otara": 26, "Albany": 29, "Howick": 18, "Mangere": 13, "Otahuhu": 13, "Parnell": 15, "Remuera": 9, "Avondale": 5, "Balmoral": 4, "Manurewa": 23, "Onehunga": 7, "Papakura": 27, "Takapuna": 24, "Te Atatu": 12, "Devonport": 25, "Ellerslie": 8, "Glen Eden": 10, "Grey Lynn": 10, "Henderson": 16, "Titirangi": 10, "Birkenhead": 21, "Papatoetoe": 18, "Silverdale": 45, "St Heliers": 15, "West Harbour": 19, "Auckland City": 7, "East Coast Bays": 32, "Mount Wellington": 12}') ON CONFLICT DO NOTHING;
INSERT INTO public.station_distances (station_id, district, distances) VALUES (337, NULL, '{"Otara": 10, "Albany": 27, "Howick": 8, "Mangere": 12, "Otahuhu": 4, "Parnell": 12, "Remuera": 7, "Avondale": 18, "Balmoral": 10, "Manurewa": 16, "Onehunga": 6, "Papakura": 20, "Takapuna": 22, "Te Atatu": 21, "Devonport": 23, "Ellerslie": 4, "Glen Eden": 23, "Grey Lynn": 12, "Henderson": 24, "Titirangi": 22, "Birkenhead": 19, "Papatoetoe": 12, "Silverdale": 44, "St Heliers": 7, "West Harbour": 28, "Auckland City": 11, "Mount Roskill": 12, "East Coast Bays": 30}') ON CONFLICT DO NOTHING;
INSERT INTO public.station_distances (station_id, district, distances) VALUES (338, NULL, '{"Otara": 16, "Albany": 25, "Howick": 13, "Mangere": 10, "Otahuhu": 7, "Parnell": 10, "Remuera": 5, "Avondale": 9, "Balmoral": 6, "Manurewa": 20, "Papakura": 24, "Takapuna": 20, "Te Atatu": 16, "Devonport": 22, "Ellerslie": 3, "Glen Eden": 14, "Grey Lynn": 9, "Henderson": 20, "Titirangi": 15, "Birkenhead": 18, "Papatoetoe": 15, "Silverdale": 42, "St Heliers": 10, "West Harbour": 23, "Auckland City": 9, "Mount Roskill": 5, "East Coast Bays": 29, "Mount Wellington": 6}') ON CONFLICT DO NOTHING;
INSERT INTO public.station_distances (station_id, district, distances) VALUES (339, NULL, '{"Otara": 20, "Albany": 20, "Howick": 19, "Mangere": 20, "Otahuhu": 16, "Remuera": 5, "Avondale": 11, "Balmoral": 6, "Manurewa": 26, "Onehunga": 10, "Papakura": 31, "Takapuna": 15, "Te Atatu": 14, "Devonport": 16, "Ellerslie": 9, "Glen Eden": 16, "Grey Lynn": 6, "Henderson": 17, "Titirangi": 18, "Birkenhead": 12, "Papatoetoe": 22, "Silverdale": 37, "St Heliers": 8, "West Harbour": 21, "Auckland City": 3, "Mount Roskill": 15, "East Coast Bays": 23, "Mount Wellington": 12}') ON CONFLICT DO NOTHING;
INSERT INTO public.station_distances (station_id, district, distances) VALUES (340, NULL, '{"Otara": 15, "Albany": 22, "Howick": 14, "Mangere": 16, "Otahuhu": 11, "Parnell": 5, "Avondale": 13, "Balmoral": 5, "Manurewa": 21, "Onehunga": 5, "Papakura": 25, "Takapuna": 17, "Te Atatu": 15, "Devonport": 18, "Ellerslie": 3, "Glen Eden": 18, "Grey Lynn": 7, "Henderson": 19, "Titirangi": 19, "Birkenhead": 14, "Papatoetoe": 17, "Silverdale": 38, "St Heliers": 7, "West Harbour": 22, "Auckland City": 5, "Mount Roskill": 9, "East Coast Bays": 25, "Mount Wellington": 6}') ON CONFLICT DO NOTHING;
INSERT INTO public.station_distances (station_id, district, distances) VALUES (341, NULL, '{"Otara": 13, "Albany": 29, "Howick": 11, "Mangere": 18, "Otahuhu": 10, "Parnell": 8, "Remuera": 7, "Avondale": 20, "Balmoral": 12, "Manurewa": 22, "Onehunga": 10, "Papakura": 26, "Takapuna": 24, "Te Atatu": 22, "Devonport": 25, "Ellerslie": 7, "Glen Eden": 25, "Grey Lynn": 14, "Henderson": 26, "Titirangi": 26, "Birkenhead": 21, "Papatoetoe": 18, "Silverdale": 45, "West Harbour": 29, "Auckland City": 12, "Mount Roskill": 15, "East Coast Bays": 32, "Mount Wellington": 7}') ON CONFLICT DO NOTHING;
INSERT INTO public.station_distances (station_id, district, distances) VALUES (342, NULL, '{"Otara": 8, "Albany": 35, "Mangere": 22, "Otahuhu": 10, "Parnell": 20, "Remuera": 14, "Avondale": 26, "Balmoral": 18, "Manurewa": 16, "Onehunga": 13, "Papakura": 21, "Takapuna": 30, "Te Atatu": 29, "Devonport": 31, "Ellerslie": 12, "Glen Eden": 31, "Grey Lynn": 20, "Henderson": 32, "Titirangi": 29, "Birkenhead": 27, "Papatoetoe": 13, "Silverdale": 51, "St Heliers": 12, "West Harbour": 35, "Auckland City": 18, "Mount Roskill": 19, "East Coast Bays": 38, "Mount Wellington": 8}') ON CONFLICT DO NOTHING;
INSERT INTO public.station_distances (station_id, district, distances) VALUES (343, NULL, '{"Otara": 18, "Albany": 40, "Howick": 21, "Otahuhu": 10, "Parnell": 18, "Remuera": 15, "Avondale": 16, "Balmoral": 14, "Manurewa": 16, "Onehunga": 10, "Papakura": 20, "Takapuna": 29, "Te Atatu": 23, "Devonport": 30, "Ellerslie": 13, "Glen Eden": 20, "Grey Lynn": 21, "Henderson": 26, "Titirangi": 22, "Birkenhead": 26, "Papatoetoe": 11, "Silverdale": 50, "St Heliers": 20, "West Harbour": 30, "Auckland City": 18, "Mount Roskill": 12, "East Coast Bays": 37, "Mount Wellington": 14}') ON CONFLICT DO NOTHING;
INSERT INTO public.station_distances (station_id, district, distances) VALUES (344, NULL, '{"Otara": 11, "Albany": 41, "Howick": 16, "Mangere": 14, "Otahuhu": 13, "Parnell": 26, "Remuera": 21, "Avondale": 27, "Balmoral": 25, "Onehunga": 20, "Papakura": 5, "Takapuna": 36, "Te Atatu": 34, "Devonport": 38, "Ellerslie": 18, "Glen Eden": 31, "Grey Lynn": 26, "Henderson": 37, "Titirangi": 32, "Birkenhead": 34, "Papatoetoe": 7, "Silverdale": 58, "St Heliers": 22, "West Harbour": 40, "Auckland City": 25, "Mount Roskill": 23, "East Coast Bays": 44, "Mount Wellington": 16}') ON CONFLICT DO NOTHING;
INSERT INTO public.station_distances (station_id, district, distances) VALUES (345, NULL, '{"Otara": 7, "Albany": 31, "Howick": 10, "Mangere": 7, "Parnell": 16, "Remuera": 11, "Avondale": 22, "Balmoral": 14, "Manurewa": 13, "Onehunga": 7, "Papakura": 17, "Takapuna": 26, "Te Atatu": 25, "Devonport": 27, "Ellerslie": 8, "Glen Eden": 22, "Grey Lynn": 16, "Henderson": 28, "Titirangi": 24, "Birkenhead": 23, "Papatoetoe": 9, "Silverdale": 47, "St Heliers": 12, "West Harbour": 32, "Auckland City": 15, "Mount Roskill": 14, "East Coast Bays": 34, "Mount Wellington": 5}') ON CONFLICT DO NOTHING;
INSERT INTO public.station_distances (station_id, district, distances) VALUES (346, NULL, '{"Albany": 36, "Howick": 8, "Mangere": 16, "Otahuhu": 7, "Parnell": 21, "Remuera": 15, "Avondale": 27, "Balmoral": 19, "Manurewa": 11, "Onehunga": 16, "Papakura": 15, "Takapuna": 31, "Te Atatu": 29, "Devonport": 32, "Ellerslie": 13, "Glen Eden": 34, "Grey Lynn": 21, "Henderson": 33, "Titirangi": 35, "Birkenhead": 28, "Papatoetoe": 5, "Silverdale": 52, "St Heliers": 14, "West Harbour": 36, "Auckland City": 19, "Mount Roskill": 25, "East Coast Bays": 39, "Mount Wellington": 10}') ON CONFLICT DO NOTHING;
INSERT INTO public.station_distances (station_id, district, distances) VALUES (347, NULL, '{"Otara": 5, "Albany": 38, "Howick": 13, "Mangere": 10, "Otahuhu": 9, "Parnell": 22, "Remuera": 17, "Avondale": 23, "Balmoral": 21, "Manurewa": 7, "Onehunga": 16, "Papakura": 11, "Takapuna": 33, "Te Atatu": 30, "Devonport": 34, "Ellerslie": 14, "Glen Eden": 27, "Grey Lynn": 23, "Henderson": 33, "Titirangi": 28, "Birkenhead": 30, "Silverdale": 54, "St Heliers": 18, "West Harbour": 36, "Auckland City": 21, "Mount Roskill": 19, "East Coast Bays": 41, "Mount Wellington": 12}') ON CONFLICT DO NOTHING;
INSERT INTO public.station_distances (station_id, district, distances) VALUES (348, NULL, '{"Otara": 16, "Albany": 46, "Howick": 22, "Mangere": 18, "Otahuhu": 17, "Parnell": 31, "Remuera": 26, "Avondale": 31, "Balmoral": 30, "Manurewa": 5, "Onehunga": 25, "Takapuna": 41, "Te Atatu": 38, "Devonport": 42, "Ellerslie": 23, "Glen Eden": 36, "Grey Lynn": 31, "Henderson": 42, "Titirangi": 37, "Birkenhead": 38, "Papatoetoe": 11, "Silverdale": 62, "St Heliers": 27, "West Harbour": 45, "Auckland City": 30, "Mount Roskill": 27, "East Coast Bays": 49, "Mount Wellington": 20}') ON CONFLICT DO NOTHING;


--
-- Data for Name: system_settings; Type: TABLE DATA; Schema: public; Owner: postgres
--

INSERT INTO public.system_settings (id, key, value, description, updated_at) VALUES (67, 'ot_offer_mode', '"mandatory"', 'mandatory or accept_decline', '2026-04-19 10:10:33.763184+12') ON CONFLICT DO NOTHING;
INSERT INTO public.system_settings (id, key, value, description, updated_at) VALUES (68, 'relievers_enabled', 'true', 'Whether to auto-deploy district relievers', '2026-04-19 10:10:33.763184+12') ON CONFLICT DO NOTHING;
INSERT INTO public.system_settings (id, key, value, description, updated_at) VALUES (69, 'non_callback_approach', '"single_pool"', 'single_pool or watch_tiered', '2026-04-19 10:10:33.763184+12') ON CONFLICT DO NOTHING;
INSERT INTO public.system_settings (id, key, value, description, updated_at) VALUES (70, 'max_continuous_hours', '24', 'Maximum continuous work hours', '2026-04-19 10:10:33.763184+12') ON CONFLICT DO NOTHING;
INSERT INTO public.system_settings (id, key, value, description, updated_at) VALUES (71, 'min_rest_hours', '8', 'Minimum rest between shifts', '2026-04-19 10:10:33.763184+12') ON CONFLICT DO NOTHING;
INSERT INTO public.system_settings (id, key, value, description, updated_at) VALUES (72, 'max_hours_before_mandatory_rest', '67', 'Hours before mandatory 2 days off', '2026-04-19 10:10:33.763184+12') ON CONFLICT DO NOTHING;


--
-- Data for Name: watch_anchors; Type: TABLE DATA; Schema: public; Owner: postgres
--

INSERT INTO public.watch_anchors (id, watch, anchor_date, note) VALUES (56, 'Green', '2026-01-31', 'Saturday anchor') ON CONFLICT DO NOTHING;
INSERT INTO public.watch_anchors (id, watch, anchor_date, note) VALUES (57, 'Red', '2026-02-02', 'Monday anchor') ON CONFLICT DO NOTHING;
INSERT INTO public.watch_anchors (id, watch, anchor_date, note) VALUES (58, 'Brown', '2026-02-04', 'Wednesday anchor') ON CONFLICT DO NOTHING;
INSERT INTO public.watch_anchors (id, watch, anchor_date, note) VALUES (59, 'Blue', '2026-02-06', 'Friday anchor') ON CONFLICT DO NOTHING;
INSERT INTO public.watch_anchors (id, watch, anchor_date, note) VALUES (60, 'Yellow', '2026-02-01', 'Mon-Fri only, placeholder anchor') ON CONFLICT DO NOTHING;


--
-- Name: areas_id_seq; Type: SEQUENCE SET; Schema: public; Owner: postgres
--

SELECT pg_catalog.setval('public.areas_id_seq', 36, true);


--
-- Name: firefighters_id_seq; Type: SEQUENCE SET; Schema: public; Owner: postgres
--

SELECT pg_catalog.setval('public.firefighters_id_seq', 576, true);


--
-- Name: stations_id_seq; Type: SEQUENCE SET; Schema: public; Owner: postgres
--

SELECT pg_catalog.setval('public.stations_id_seq', 348, true);


--
-- Name: system_settings_id_seq; Type: SEQUENCE SET; Schema: public; Owner: postgres
--

SELECT pg_catalog.setval('public.system_settings_id_seq', 72, true);


--
-- Name: watch_anchors_id_seq; Type: SEQUENCE SET; Schema: public; Owner: postgres
--

SELECT pg_catalog.setval('public.watch_anchors_id_seq', 60, true);


--
-- PostgreSQL database dump complete
--

\unrestrict P6jKgMz8WjzY6VAcsWteQHRzTpiUCdgv16PiINtSaiQ9pt6vLYWJCHIusd7YdqU

